shipper_id,phone_number,responsible_name,title,email,country_id,city,state,register_date
22,800-207-0084,Lynetta Mccall,Erie Insurance Group,castilian1869@outlook.com,92,Bangor,Delaware,2023-06-05 01:10:00
42,+1-(360)-048-8280,Jess Benson,Netcordia,career2068@live.com,9,Miramar,South Carolina,2004-04-27 01:01:00
31,1-685-016-1715,Ashanti Moody,ZOMM LLC,secretive1980@live.com,9,Blue Springs,Mississippi,2035-07-29 01:58:00
7,1-927-600-9168,Sharell Collier,BearingPoint,syphilidography1904@outlook.com,5,Porterville,Rhode Island,2021-10-28 18:43:00
23,(648) 369-4108,Isadora Rowe,Kurzweil Educational Systems,dustuck1872@live.com,119,Schaumburg,Pennsylvania,2030-08-15 13:41:00
24,(900) 958-3512,Riley Gross,Matrix Architectural Service,cranic1835@gmail.com,213,Pico Rivera,South Dakota,2016-08-22 03:08:00
10,(650) 897-8737,Randal Austin,Fred Meyer Inc.,biomechanics1955@yandex.com,98,Rosemead,North Dakota,2021-08-01 07:53:00
38,(909) 002-5766,Trinity Day,Johnson & Johnson,byroad2009@live.com,214,Newburyport,New York,2030-11-25 23:36:00
39,(860) 610-6593,Arla Cobb,The Walt Disney Company,barracuda1867@yahoo.com,7,Mansfield,Minnesota,2034-07-19 15:22:00
17,559-297-1870,Clifford Herman,Integra Wealth Planners,rebrace2011@yahoo.com,4,Castle Rock,Oklahoma,2015-04-17 21:33:00
19,(291) 041-7056,Louis Craig,General Motors,cembalo2065@gmail.com,106,Oakley,New York,2002-07-18 07:05:00
46,174-129-7794,Junior Hobbs,Whataburger,cathedrals2022@gmail.com,200,Wildwood,Oklahoma,2018-09-11 23:37:00
12,415-792-0520,Todd Bradley,Starbucks,coseat2025@gmail.com,125,Montebello,Rhode Island,2014-06-06 01:21:00
36,1-087-585-5700,Kathaleen Watson,Novell,seiser1931@outlook.com,213,Gladstone,New York,2023-02-27 21:06:00
33,489-533-5455,Amado Morrison,Netobill,unicotyledonous2023@live.com,96,Converse,Arizona,2022-02-20 13:48:00
40,+1-(412)-686-2021,Dagny Stanley,Alaska Air Group,religiousness1856@yahoo.com,49,Belton,Wisconsin,2000-08-20 06:42:00
9,485-617-4217,Clay Cotton,GHD Inc.,charline1833@gmail.com,78,DeKalb,Kentucky,2006-11-22 23:39:00
41,097-276-2197,Bee Wood,Reliable Guidance,subfusc1889@yandex.com,77,Sugar Land,Nebraska,2031-10-12 06:48:00
27,164.533.2866,Kent Barnett,Helping Hand,calcar1841@gmail.com,153,Edina,Ohio,2034-07-29 08:01:00
13,506-257-6413,Sydney Acosta,Goodrich Corporation,clinic1931@yahoo.com,62,Panama City,North Carolina,2020-01-16 18:54:00
47,+1-(101)-821-4971,Annett Herring,Miller Brewing,aluminosis1898@live.com,15,Macomb,Louisiana,2007-07-27 23:40:00
21,(205) 905-5299,Genevie Rodriquez,Dun & Bradstreet,salmon2048@yahoo.com,14,Claremore,Mississippi,2021-09-15 12:22:00
14,1-834-701-8197,Kenda Knapp,Pluto Marine,celebrity2002@yahoo.com,200,Auburn,Hawaii,2018-04-02 01:01:00
32,(107) 642-6870,Kim Cruz,Omni Tech,adorer2010@gmail.com,168,San Diego,Idaho,2024-06-05 15:58:00
6,(520) 924-9678,Azucena Lewis,Vantec,eliminator1817@outlook.com,112,Waynesboro,Arizona,2017-06-24 01:44:00
30,(887) 556-3259,Marion Clark,BFG Technologies,tinct1986@outlook.com,219,Moorhead,Louisiana,2010-09-14 11:31:00
16,(078) 126-0253,Rikki Beard,Energizer Holdings,yappiness1889@gmail.com,76,Massapequa Park,Alabama,2025-07-12 15:35:00
15,1-099-401-5837,Darius Hebert,Mikro Designs,benefactory1846@yahoo.com,189,Hendersonville,South Carolina,2031-06-15 23:33:00
29,(976) 855-5963,Sabine Mccarty,ADC Telecommunications,preview1902@yahoo.com,245,Billings,Missouri,2020-10-18 01:40:00
8,452.093.8831,Argelia Fulton,Tesoro,bitumens1919@outlook.com,210,Eagle Pass,Arizona,2026-03-31 23:24:00
1,+1-(302)-233-5420,Terence Nielsen,Avnet,shipwrightry1826@gmail.com,50,Grand Prairie,Washington,2011-01-26 01:09:00
4,510-204-1535,Sylvester Ortega,Total Serve,afterglow1849@live.com,193,Beloit,Colorado,2011-08-18 13:30:00
37,1-406-735-6790,Mike Walton,Netobill,albatross1983@gmail.com,151,Ann Arbor,North Carolina,2024-08-17 15:36:00
45,1-222-763-7269,Maile Ochoa,Estée Lauder Companies,vomer1867@gmail.com,15,Lansing,Pennsylvania,2030-11-05 07:48:00
49,189.702.0774,Tristan Cash,US Cellular,hews1977@yahoo.com,147,Farmington Hills,Maryland,2012-04-02 04:44:00
2,381-740-0193,Donnie French,Biggby Coffee,chisolm1831@live.com,48,Libertyville,Florida,2027-08-04 09:25:00
28,1-490-505-5056,Basil Taylor,Biomet,manche1808@live.com,196,Jamestown,West Virginia,2007-05-18 15:19:00
26,943-664-5110,Ernest Wilkins,Enrich Garden Services,autobiographal1864@live.com,165,Phoenix,West Virginia,2033-11-14 11:09:00
35,362-631-0843,Tonie Bowers,Mission G,bemar1818@yandex.com,107,Marlborough,Illinois,2002-09-06 08:56:00
11,1-827-219-6356,Alfred Lynch,Acuity Brands,quott1895@live.com,239,Chicago,Alaska,2030-09-07 18:37:00
43,(944) 476-5627,Fred O'donnell,The Vanguard Group,bernadin2027@outlook.com,32,Wilsonville,Kansas,2010-06-04 05:47:00
20,(144) 496-7920,Cathey Drake,Anadarko Petroleum Corporation,earth2050@gmail.com,43,Tahlequah,Massachusetts,2022-11-29 08:48:00
18,220.085.0062,Johnathon Hodges,Publix,dapped2070@yahoo.com,208,Bergenfield,Kentucky,2011-09-02 03:20:00
48,(564) 362-7339,Kirk Baldwin,Science Applications International Corporation (SAIC),sippingly1864@yahoo.com,83,Columbus,North Dakota,2006-12-22 20:20:00
44,1-868-562-6259,Jacinda Cummings,AECOM,heterotricha1925@gmail.com,36,Kingsport,Alabama,2013-07-29 17:49:00
5,419-815-8649,Tran Waller,GEICO,walspere1888@outlook.com,200,Douglasville,Iowa,2028-06-29 09:58:00
3,245-983-5857,Maida Golden,Human Kinetics,clink2038@outlook.com,121,Elizabeth City,New Mexico,2026-10-24 22:20:00
25,844-394-9482,Mao Gray,Marshall Pottery,droud1874@gmail.com,92,Michigan City,Hawaii,2014-02-06 02:04:00
34,+1-(564)-259-8390,Tambra Green,WWE,chotts1946@yahoo.com,34,Bergenfield,Washington,2020-04-19 23:20:00
50,510.396.0127,Jackson Marks,Ground Round,discriminant2061@live.com,149,Pleasanton,West Virginia,2011-03-29 06:56:00
93,(944) 476-5627,Fred O'donnell,The Vanguard Group,bernadin2027@outlook.com,32,Wilsonville,Kansas,2010-06-04 05:47:00
67,559-297-1870,Clifford Herman,Integra Wealth Planners,rebrace2011@yahoo.com,4,Castle Rock,Oklahoma,2015-04-17 21:33:00
87,1-406-735-6790,Mike Walton,Netobill,albatross1983@gmail.com,151,Ann Arbor,North Carolina,2024-08-17 15:36:00
86,1-087-585-5700,Kathaleen Watson,Novell,seiser1931@outlook.com,213,Gladstone,New York,2023-02-27 21:06:00
61,1-827-219-6356,Alfred Lynch,Acuity Brands,quott1895@live.com,239,Chicago,Alaska,2030-09-07 18:37:00
84,+1-(564)-259-8390,Tambra Green,WWE,chotts1946@yahoo.com,34,Bergenfield,Washington,2020-04-19 23:20:00
65,1-099-401-5837,Darius Hebert,Mikro Designs,benefactory1846@yahoo.com,189,Hendersonville,South Carolina,2031-06-15 23:33:00
74,(900) 958-3512,Riley Gross,Matrix Architectural Service,cranic1835@gmail.com,213,Pico Rivera,South Dakota,2016-08-22 03:08:00
51,+1-(302)-233-5420,Terence Nielsen,Avnet,shipwrightry1826@gmail.com,50,Grand Prairie,Washington,2011-01-26 01:09:00
57,1-927-600-9168,Sharell Collier,BearingPoint,syphilidography1904@outlook.com,5,Porterville,Rhode Island,2021-10-28 18:43:00
63,506-257-6413,Sydney Acosta,Goodrich Corporation,clinic1931@yahoo.com,62,Panama City,North Carolina,2020-01-16 18:54:00
82,(107) 642-6870,Kim Cruz,Omni Tech,adorer2010@gmail.com,168,San Diego,Idaho,2024-06-05 15:58:00
55,419-815-8649,Tran Waller,GEICO,walspere1888@outlook.com,200,Douglasville,Iowa,2028-06-29 09:58:00
77,164.533.2866,Kent Barnett,Helping Hand,calcar1841@gmail.com,153,Edina,Ohio,2034-07-29 08:01:00
99,189.702.0774,Tristan Cash,US Cellular,hews1977@yahoo.com,147,Farmington Hills,Maryland,2012-04-02 04:44:00
85,362-631-0843,Tonie Bowers,Mission G,bemar1818@yandex.com,107,Marlborough,Illinois,2002-09-06 08:56:00
66,(078) 126-0253,Rikki Beard,Energizer Holdings,yappiness1889@gmail.com,76,Massapequa Park,Alabama,2025-07-12 15:35:00
58,452.093.8831,Argelia Fulton,Tesoro,bitumens1919@outlook.com,210,Eagle Pass,Arizona,2026-03-31 23:24:00
81,1-685-016-1715,Ashanti Moody,ZOMM LLC,secretive1980@live.com,9,Blue Springs,Mississippi,2035-07-29 01:58:00
80,(887) 556-3259,Marion Clark,BFG Technologies,tinct1986@outlook.com,219,Moorhead,Louisiana,2010-09-14 11:31:00
62,415-792-0520,Todd Bradley,Starbucks,coseat2025@gmail.com,125,Montebello,Rhode Island,2014-06-06 01:21:00
76,943-664-5110,Ernest Wilkins,Enrich Garden Services,autobiographal1864@live.com,165,Phoenix,West Virginia,2033-11-14 11:09:00
60,(650) 897-8737,Randal Austin,Fred Meyer Inc.,biomechanics1955@yandex.com,98,Rosemead,North Dakota,2021-08-01 07:53:00
70,(144) 496-7920,Cathey Drake,Anadarko Petroleum Corporation,earth2050@gmail.com,43,Tahlequah,Massachusetts,2022-11-29 08:48:00
69,(291) 041-7056,Louis Craig,General Motors,cembalo2065@gmail.com,106,Oakley,New York,2002-07-18 07:05:00
78,1-490-505-5056,Basil Taylor,Biomet,manche1808@live.com,196,Jamestown,West Virginia,2007-05-18 15:19:00
92,+1-(360)-048-8280,Jess Benson,Netcordia,career2068@live.com,9,Miramar,South Carolina,2004-04-27 01:01:00
75,844-394-9482,Mao Gray,Marshall Pottery,droud1874@gmail.com,92,Michigan City,Hawaii,2014-02-06 02:04:00
98,(564) 362-7339,Kirk Baldwin,Science Applications International Corporation (SAIC),sippingly1864@yahoo.com,83,Columbus,North Dakota,2006-12-22 20:20:00
97,+1-(101)-821-4971,Annett Herring,Miller Brewing,aluminosis1898@live.com,15,Macomb,Louisiana,2007-07-27 23:40:00
68,220.085.0062,Johnathon Hodges,Publix,dapped2070@yahoo.com,208,Bergenfield,Kentucky,2011-09-02 03:20:00
59,485-617-4217,Clay Cotton,GHD Inc.,charline1833@gmail.com,78,DeKalb,Kentucky,2006-11-22 23:39:00
94,1-868-562-6259,Jacinda Cummings,AECOM,heterotricha1925@gmail.com,36,Kingsport,Alabama,2013-07-29 17:49:00
52,381-740-0193,Donnie French,Biggby Coffee,chisolm1831@live.com,48,Libertyville,Florida,2027-08-04 09:25:00
54,510-204-1535,Sylvester Ortega,Total Serve,afterglow1849@live.com,193,Beloit,Colorado,2011-08-18 13:30:00
71,(205) 905-5299,Genevie Rodriquez,Dun & Bradstreet,salmon2048@yahoo.com,14,Claremore,Mississippi,2021-09-15 12:22:00
83,489-533-5455,Amado Morrison,Netobill,unicotyledonous2023@live.com,96,Converse,Arizona,2022-02-20 13:48:00
90,+1-(412)-686-2021,Dagny Stanley,Alaska Air Group,religiousness1856@yahoo.com,49,Belton,Wisconsin,2000-08-20 06:42:00
53,245-983-5857,Maida Golden,Human Kinetics,clink2038@outlook.com,121,Elizabeth City,New Mexico,2026-10-24 22:20:00
64,1-834-701-8197,Kenda Knapp,Pluto Marine,celebrity2002@yahoo.com,200,Auburn,Hawaii,2018-04-02 01:01:00
56,(520) 924-9678,Azucena Lewis,Vantec,eliminator1817@outlook.com,112,Waynesboro,Arizona,2017-06-24 01:44:00
89,(860) 610-6593,Arla Cobb,The Walt Disney Company,barracuda1867@yahoo.com,7,Mansfield,Minnesota,2034-07-19 15:22:00
91,097-276-2197,Bee Wood,Reliable Guidance,subfusc1889@yandex.com,77,Sugar Land,Nebraska,2031-10-12 06:48:00
95,1-222-763-7269,Maile Ochoa,Estée Lauder Companies,vomer1867@gmail.com,15,Lansing,Pennsylvania,2030-11-05 07:48:00
73,(648) 369-4108,Isadora Rowe,Kurzweil Educational Systems,dustuck1872@live.com,119,Schaumburg,Pennsylvania,2030-08-15 13:41:00
100,510.396.0127,Jackson Marks,Ground Round,discriminant2061@live.com,149,Pleasanton,West Virginia,2011-03-29 06:56:00
79,(976) 855-5963,Sabine Mccarty,ADC Telecommunications,preview1902@yahoo.com,245,Billings,Missouri,2020-10-18 01:40:00
72,800-207-0084,Lynetta Mccall,Erie Insurance Group,castilian1869@outlook.com,92,Bangor,Delaware,2023-06-05 01:10:00
96,174-129-7794,Junior Hobbs,Whataburger,cathedrals2022@gmail.com,200,Wildwood,Oklahoma,2018-09-11 23:37:00
88,(909) 002-5766,Trinity Day,Johnson & Johnson,byroad2009@live.com,214,Newburyport,New York,2030-11-25 23:36:00
